<?xml version="1.0" encoding="UTF-8"?>
<metadata xml:lang="de"><Esri><CreaDate>20191027</CreaDate><CreaTime>13052000</CreaTime><ArcGISFormat>1.0</ArcGISFormat><SyncOnce>TRUE</SyncOnce><DataProperties><itemProps><itemLocation><linkage Sync="TRUE">file://\\nas.ads.mwn.de\tubv\hfm\05_Projects\2016_PROLINE-CE\03_Working_Packages\PilotActions\data_Waidhofen\GIS\lukars_freewat\test\hyd_1_solo</linkage><protocol Sync="TRUE">Local Area Network</protocol></itemLocation></itemProps><copyHistory><copy source="I:\05_Projects\2016_PROLINE-CE\03_Working_Packages\PilotActions\data_Waidhofen\GIS\lukars_freewat\hyd_1_solo" dest="\\nas.ads.mwn.de\tubv\hfm\05_Projects\2016_PROLINE-CE\03_Working_Packages\PilotActions\data_Waidhofen\GIS\lukars_freewat\test\hyd_1_solo" date="20191027" time="08264800"></copy></copyHistory></DataProperties></Esri></metadata>
